relative_path,label,model_name,yaw_deg
approaching/Volkswagen_kombi_1973_yaw_140.png,approaching,Volkswagen_kombi_1973.glb,140
approaching/Volkswagen_kombi_1973_yaw_150.png,approaching,Volkswagen_kombi_1973.glb,150
approaching/Volkswagen_kombi_1973_yaw_170.png,approaching,Volkswagen_kombi_1973.glb,170
approaching/Volkswagen_kombi_1973_yaw_180.png,approaching,Volkswagen_kombi_1973.glb,180
approaching/Volkswagen_kombi_1973_yaw_200.png,approaching,Volkswagen_kombi_1973.glb,200
approaching/Volkswagen_kombi_1973_yaw_210.png,approaching,Volkswagen_kombi_1973.glb,210
approaching/audi_a7_yaw_140.png,approaching,audi_a7.glb,140
approaching/audi_a7_yaw_160.png,approaching,audi_a7.glb,160
approaching/audi_a7_yaw_170.png,approaching,audi_a7.glb,170
approaching/audi_a7_yaw_180.png,approaching,audi_a7.glb,180
approaching/audi_a7_yaw_190.png,approaching,audi_a7.glb,190
approaching/audi_r8_v10_plus_2016_yaw_140.png,approaching,audi_r8_v10_plus_2016.glb,140
approaching/audi_r8_v10_plus_2016_yaw_150.png,approaching,audi_r8_v10_plus_2016.glb,150
approaching/audi_r8_v10_plus_2016_yaw_170.png,approaching,audi_r8_v10_plus_2016.glb,170
approaching/audi_r8_v10_plus_2016_yaw_180.png,approaching,audi_r8_v10_plus_2016.glb,180
approaching/audi_r8_v10_plus_2016_yaw_190.png,approaching,audi_r8_v10_plus_2016.glb,190
approaching/audi_r8_v10_plus_2016_yaw_200.png,approaching,audi_r8_v10_plus_2016.glb,200
approaching/audi_r8_v10_plus_2016_yaw_210.png,approaching,audi_r8_v10_plus_2016.glb,210
approaching/batmobile_yaw_140.png,approaching,batmobile.glb,140
approaching/batmobile_yaw_150.png,approaching,batmobile.glb,150
approaching/batmobile_yaw_170.png,approaching,batmobile.glb,170
approaching/batmobile_yaw_210.png,approaching,batmobile.glb,210
approaching/bmw_7_alpine_yaw_140.png,approaching,bmw_7_alpine.glb,140
approaching/bmw_7_alpine_yaw_160.png,approaching,bmw_7_alpine.glb,160
approaching/bmw_7_alpine_yaw_170.png,approaching,bmw_7_alpine.glb,170
approaching/bmw_7_alpine_yaw_190.png,approaching,bmw_7_alpine.glb,190
approaching/bmw_7_alpine_yaw_200.png,approaching,bmw_7_alpine.glb,200
approaching/bmw_7_alpine_yaw_210.png,approaching,bmw_7_alpine.glb,210
approaching/bmw_e30_yaw_140.png,approaching,bmw_e30.glb,140
approaching/bmw_e30_yaw_150.png,approaching,bmw_e30.glb,150
approaching/bmw_e30_yaw_160.png,approaching,bmw_e30.glb,160
approaching/bmw_e30_yaw_190.png,approaching,bmw_e30.glb,190
approaching/bmw_e30_yaw_200.png,approaching,bmw_e30.glb,200
approaching/bmw_e30_yaw_210.png,approaching,bmw_e30.glb,210
approaching/bmw_e30_yaw_220.png,approaching,bmw_e30.glb,220
approaching/bmw_m4_competition_yaw_140.png,approaching,bmw_m4_competition.glb,140
approaching/bmw_m4_competition_yaw_150.png,approaching,bmw_m4_competition.glb,150
approaching/bmw_m4_competition_yaw_160.png,approaching,bmw_m4_competition.glb,160
approaching/bmw_m4_competition_yaw_170.png,approaching,bmw_m4_competition.glb,170
approaching/bmw_m4_competition_yaw_200.png,approaching,bmw_m4_competition.glb,200
approaching/bmw_m4_competition_yaw_210.png,approaching,bmw_m4_competition.glb,210
approaching/bmw_m4_competition_yaw_220.png,approaching,bmw_m4_competition.glb,220
approaching/bugatti_chiron_yaw_140.png,approaching,bugatti_chiron.glb,140
approaching/bugatti_chiron_yaw_200.png,approaching,bugatti_chiron.glb,200
approaching/bugatti_chiron_yaw_210.png,approaching,bugatti_chiron.glb,210
approaching/caterham_seven_620r_yaw_140.png,approaching,caterham_seven_620r.glb,140
approaching/caterham_seven_620r_yaw_150.png,approaching,caterham_seven_620r.glb,150
approaching/caterham_seven_620r_yaw_160.png,approaching,caterham_seven_620r.glb,160
approaching/caterham_seven_620r_yaw_170.png,approaching,caterham_seven_620r.glb,170
approaching/caterham_seven_620r_yaw_190.png,approaching,caterham_seven_620r.glb,190
approaching/caterham_seven_620r_yaw_200.png,approaching,caterham_seven_620r.glb,200
approaching/ferrari_f40_yaw_140.png,approaching,ferrari_f40.glb,140
approaching/ferrari_f40_yaw_150.png,approaching,ferrari_f40.glb,150
approaching/ferrari_f40_yaw_160.png,approaching,ferrari_f40.glb,160
approaching/ferrari_f40_yaw_180.png,approaching,ferrari_f40.glb,180
approaching/ferrari_f40_yaw_190.png,approaching,ferrari_f40.glb,190
approaching/ferrari_f40_yaw_200.png,approaching,ferrari_f40.glb,200
approaching/ferrari_f40_yaw_210.png,approaching,ferrari_f40.glb,210
approaching/ferrari_f40_yaw_220.png,approaching,ferrari_f40.glb,220
approaching/ford_bronco_raptor_yaw_140.png,approaching,ford_bronco_raptor.glb,140
approaching/ford_bronco_raptor_yaw_150.png,approaching,ford_bronco_raptor.glb,150
approaching/ford_bronco_raptor_yaw_160.png,approaching,ford_bronco_raptor.glb,160
approaching/ford_bronco_raptor_yaw_170.png,approaching,ford_bronco_raptor.glb,170
approaching/ford_bronco_raptor_yaw_180.png,approaching,ford_bronco_raptor.glb,180
approaching/ford_bronco_raptor_yaw_220.png,approaching,ford_bronco_raptor.glb,220
approaching/hyundai_vision_n_yaw_140.png,approaching,hyundai_vision_n.glb,140
approaching/hyundai_vision_n_yaw_170.png,approaching,hyundai_vision_n.glb,170
approaching/hyundai_vision_n_yaw_180.png,approaching,hyundai_vision_n.glb,180
approaching/hyundai_vision_n_yaw_190.png,approaching,hyundai_vision_n.glb,190
approaching/hyundai_vision_n_yaw_220.png,approaching,hyundai_vision_n.glb,220
approaching/lamborgini_gallardo_yaw_140.png,approaching,lamborgini_gallardo.glb,140
approaching/lamborgini_gallardo_yaw_150.png,approaching,lamborgini_gallardo.glb,150
approaching/lamborgini_gallardo_yaw_160.png,approaching,lamborgini_gallardo.glb,160
approaching/lamborgini_gallardo_yaw_170.png,approaching,lamborgini_gallardo.glb,170
approaching/lamborgini_gallardo_yaw_180.png,approaching,lamborgini_gallardo.glb,180
approaching/lamborgini_gallardo_yaw_190.png,approaching,lamborgini_gallardo.glb,190
approaching/lamborgini_gallardo_yaw_200.png,approaching,lamborgini_gallardo.glb,200
approaching/lamborgini_gallardo_yaw_210.png,approaching,lamborgini_gallardo.glb,210
approaching/lancia_delta_integrale_evo_yaw_150.png,approaching,lancia_delta_integrale_evo.glb,150
approaching/lancia_delta_integrale_evo_yaw_160.png,approaching,lancia_delta_integrale_evo.glb,160
approaching/lancia_delta_integrale_evo_yaw_170.png,approaching,lancia_delta_integrale_evo.glb,170
approaching/lancia_delta_integrale_evo_yaw_180.png,approaching,lancia_delta_integrale_evo.glb,180
approaching/lancia_delta_integrale_evo_yaw_190.png,approaching,lancia_delta_integrale_evo.glb,190
approaching/lancia_delta_integrale_evo_yaw_210.png,approaching,lancia_delta_integrale_evo.glb,210
approaching/lancia_delta_integrale_evo_yaw_220.png,approaching,lancia_delta_integrale_evo.glb,220
approaching/mclaren_720s_yaw_150.png,approaching,mclaren_720s.glb,150
approaching/mclaren_720s_yaw_160.png,approaching,mclaren_720s.glb,160
approaching/mclaren_720s_yaw_170.png,approaching,mclaren_720s.glb,170
approaching/mclaren_720s_yaw_180.png,approaching,mclaren_720s.glb,180
approaching/mclaren_720s_yaw_190.png,approaching,mclaren_720s.glb,190
approaching/mclaren_720s_yaw_200.png,approaching,mclaren_720s.glb,200
approaching/mclaren_720s_yaw_210.png,approaching,mclaren_720s.glb,210
approaching/mclaren_720s_yaw_220.png,approaching,mclaren_720s.glb,220
approaching/mercedes_benz_180_ev2_yaw_140.png,approaching,mercedes_benz_180_ev2.glb,140
approaching/mercedes_benz_180_ev2_yaw_150.png,approaching,mercedes_benz_180_ev2.glb,150
approaching/mercedes_benz_180_ev2_yaw_160.png,approaching,mercedes_benz_180_ev2.glb,160
approaching/mercedes_benz_180_ev2_yaw_180.png,approaching,mercedes_benz_180_ev2.glb,180
approaching/mercedes_benz_180_ev2_yaw_190.png,approaching,mercedes_benz_180_ev2.glb,190
approaching/mercedes_benz_180_ev2_yaw_200.png,approaching,mercedes_benz_180_ev2.glb,200
approaching/mercedes_benz_180_ev2_yaw_210.png,approaching,mercedes_benz_180_ev2.glb,210
approaching/mercedes_benz_180_ev2_yaw_220.png,approaching,mercedes_benz_180_ev2.glb,220
approaching/mercedes_benz_eqs_yaw_140.png,approaching,mercedes_benz_eqs.glb,140
approaching/mercedes_benz_eqs_yaw_150.png,approaching,mercedes_benz_eqs.glb,150
approaching/mercedes_benz_eqs_yaw_170.png,approaching,mercedes_benz_eqs.glb,170
approaching/mercedes_benz_eqs_yaw_190.png,approaching,mercedes_benz_eqs.glb,190
approaching/mercedes_benz_eqs_yaw_210.png,approaching,mercedes_benz_eqs.glb,210
approaching/mercedes_maybach_s650_pullman_yaw_140.png,approaching,mercedes_maybach_s650_pullman.glb,140
approaching/mercedes_maybach_s650_pullman_yaw_150.png,approaching,mercedes_maybach_s650_pullman.glb,150
approaching/mercedes_maybach_s650_pullman_yaw_160.png,approaching,mercedes_maybach_s650_pullman.glb,160
approaching/mercedes_maybach_s650_pullman_yaw_180.png,approaching,mercedes_maybach_s650_pullman.glb,180
approaching/mercedes_maybach_s650_pullman_yaw_190.png,approaching,mercedes_maybach_s650_pullman.glb,190
approaching/mercedes_maybach_s650_pullman_yaw_220.png,approaching,mercedes_maybach_s650_pullman.glb,220
approaching/mg_t-type_yaw_140.png,approaching,mg_t-type.glb,140
approaching/mg_t-type_yaw_160.png,approaching,mg_t-type.glb,160
approaching/mg_t-type_yaw_170.png,approaching,mg_t-type.glb,170
approaching/mg_t-type_yaw_180.png,approaching,mg_t-type.glb,180
approaching/mg_t-type_yaw_200.png,approaching,mg_t-type.glb,200
approaching/mg_t-type_yaw_220.png,approaching,mg_t-type.glb,220
approaching/porsche_911_carrera_4_yaw_140.png,approaching,porsche_911_carrera_4.glb,140
approaching/porsche_911_carrera_4_yaw_160.png,approaching,porsche_911_carrera_4.glb,160
approaching/porsche_911_carrera_4_yaw_170.png,approaching,porsche_911_carrera_4.glb,170
approaching/porsche_911_carrera_4_yaw_190.png,approaching,porsche_911_carrera_4.glb,190
approaching/porsche_911_carrera_4_yaw_200.png,approaching,porsche_911_carrera_4.glb,200
approaching/porsche_911_carrera_4_yaw_210.png,approaching,porsche_911_carrera_4.glb,210
approaching/porsche_911_carrera_4_yaw_220.png,approaching,porsche_911_carrera_4.glb,220
approaching/rolls_royce_ghost_2021_yaw_140.png,approaching,rolls_royce_ghost_2021.glb,140
approaching/rolls_royce_ghost_2021_yaw_170.png,approaching,rolls_royce_ghost_2021.glb,170
approaching/rolls_royce_ghost_2021_yaw_180.png,approaching,rolls_royce_ghost_2021.glb,180
approaching/rolls_royce_ghost_2021_yaw_190.png,approaching,rolls_royce_ghost_2021.glb,190
approaching/rolls_royce_ghost_2021_yaw_200.png,approaching,rolls_royce_ghost_2021.glb,200
approaching/tesla_cybertruck_yaw_140.png,approaching,tesla_cybertruck.glb,140
approaching/tesla_cybertruck_yaw_150.png,approaching,tesla_cybertruck.glb,150
approaching/tesla_cybertruck_yaw_160.png,approaching,tesla_cybertruck.glb,160
approaching/tesla_cybertruck_yaw_180.png,approaching,tesla_cybertruck.glb,180
approaching/tesla_cybertruck_yaw_190.png,approaching,tesla_cybertruck.glb,190
approaching/tesla_cybertruck_yaw_200.png,approaching,tesla_cybertruck.glb,200
approaching/tesla_cybertruck_yaw_210.png,approaching,tesla_cybertruck.glb,210
approaching/toyota_land_cruiser_200_yaw_160.png,approaching,toyota_land_cruiser_200.glb,160
approaching/toyota_land_cruiser_200_yaw_170.png,approaching,toyota_land_cruiser_200.glb,170
approaching/toyota_land_cruiser_200_yaw_180.png,approaching,toyota_land_cruiser_200.glb,180
approaching/toyota_land_cruiser_200_yaw_190.png,approaching,toyota_land_cruiser_200.glb,190
approaching/toyota_land_cruiser_200_yaw_200.png,approaching,toyota_land_cruiser_200.glb,200
approaching/toyota_land_cruiser_200_yaw_210.png,approaching,toyota_land_cruiser_200.glb,210
approaching/toyota_land_cruiser_200_yaw_220.png,approaching,toyota_land_cruiser_200.glb,220
approaching/volkswagen_beetle_yaw_140.png,approaching,volkswagen_beetle.glb,140
approaching/volkswagen_beetle_yaw_150.png,approaching,volkswagen_beetle.glb,150
approaching/volkswagen_beetle_yaw_160.png,approaching,volkswagen_beetle.glb,160
approaching/volkswagen_beetle_yaw_170.png,approaching,volkswagen_beetle.glb,170
approaching/volkswagen_beetle_yaw_190.png,approaching,volkswagen_beetle.glb,190
approaching/volkswagen_beetle_yaw_200.png,approaching,volkswagen_beetle.glb,200
approaching/volvo_s90_yaw_140.png,approaching,volvo_s90.glb,140
approaching/volvo_s90_yaw_150.png,approaching,volvo_s90.glb,150
approaching/volvo_s90_yaw_160.png,approaching,volvo_s90.glb,160
approaching/volvo_s90_yaw_170.png,approaching,volvo_s90.glb,170
approaching/volvo_s90_yaw_180.png,approaching,volvo_s90.glb,180
approaching/volvo_s90_yaw_210.png,approaching,volvo_s90.glb,210
approaching/volvo_s90_yaw_220.png,approaching,volvo_s90.glb,220
leaving/Volkswagen_kombi_1973_yaw_000.png,leaving,Volkswagen_kombi_1973.glb,0
leaving/Volkswagen_kombi_1973_yaw_020.png,leaving,Volkswagen_kombi_1973.glb,20
leaving/Volkswagen_kombi_1973_yaw_040.png,leaving,Volkswagen_kombi_1973.glb,40
leaving/Volkswagen_kombi_1973_yaw_340.png,leaving,Volkswagen_kombi_1973.glb,340
leaving/Volkswagen_kombi_1973_yaw_350.png,leaving,Volkswagen_kombi_1973.glb,350
leaving/audi_a7_yaw_000.png,leaving,audi_a7.glb,0
leaving/audi_a7_yaw_020.png,leaving,audi_a7.glb,20
leaving/audi_a7_yaw_040.png,leaving,audi_a7.glb,40
leaving/audi_a7_yaw_320.png,leaving,audi_a7.glb,320
leaving/audi_a7_yaw_330.png,leaving,audi_a7.glb,330
leaving/audi_a7_yaw_340.png,leaving,audi_a7.glb,340
leaving/audi_r8_v10_plus_2016_yaw_000.png,leaving,audi_r8_v10_plus_2016.glb,0
leaving/audi_r8_v10_plus_2016_yaw_010.png,leaving,audi_r8_v10_plus_2016.glb,10
leaving/audi_r8_v10_plus_2016_yaw_020.png,leaving,audi_r8_v10_plus_2016.glb,20
leaving/audi_r8_v10_plus_2016_yaw_320.png,leaving,audi_r8_v10_plus_2016.glb,320
leaving/audi_r8_v10_plus_2016_yaw_340.png,leaving,audi_r8_v10_plus_2016.glb,340
leaving/batmobile_yaw_020.png,leaving,batmobile.glb,20
leaving/batmobile_yaw_030.png,leaving,batmobile.glb,30
leaving/batmobile_yaw_040.png,leaving,batmobile.glb,40
leaving/batmobile_yaw_350.png,leaving,batmobile.glb,350
leaving/bmw_7_alpine_yaw_010.png,leaving,bmw_7_alpine.glb,10
leaving/bmw_7_alpine_yaw_020.png,leaving,bmw_7_alpine.glb,20
leaving/bmw_7_alpine_yaw_030.png,leaving,bmw_7_alpine.glb,30
leaving/bmw_7_alpine_yaw_040.png,leaving,bmw_7_alpine.glb,40
leaving/bmw_7_alpine_yaw_320.png,leaving,bmw_7_alpine.glb,320
leaving/bmw_7_alpine_yaw_340.png,leaving,bmw_7_alpine.glb,340
leaving/bmw_e30_yaw_000.png,leaving,bmw_e30.glb,0
leaving/bmw_e30_yaw_010.png,leaving,bmw_e30.glb,10
leaving/bmw_e30_yaw_020.png,leaving,bmw_e30.glb,20
leaving/bmw_e30_yaw_030.png,leaving,bmw_e30.glb,30
leaving/bmw_e30_yaw_040.png,leaving,bmw_e30.glb,40
leaving/bmw_e30_yaw_320.png,leaving,bmw_e30.glb,320
leaving/bmw_e30_yaw_340.png,leaving,bmw_e30.glb,340
leaving/bmw_e30_yaw_350.png,leaving,bmw_e30.glb,350
leaving/bmw_m4_competition_yaw_000.png,leaving,bmw_m4_competition.glb,0
leaving/bmw_m4_competition_yaw_020.png,leaving,bmw_m4_competition.glb,20
leaving/bmw_m4_competition_yaw_320.png,leaving,bmw_m4_competition.glb,320
leaving/bmw_m4_competition_yaw_330.png,leaving,bmw_m4_competition.glb,330
leaving/bmw_m4_competition_yaw_340.png,leaving,bmw_m4_competition.glb,340
leaving/bmw_m4_competition_yaw_350.png,leaving,bmw_m4_competition.glb,350
leaving/bugatti_chiron_yaw_010.png,leaving,bugatti_chiron.glb,10
leaving/bugatti_chiron_yaw_020.png,leaving,bugatti_chiron.glb,20
leaving/bugatti_chiron_yaw_030.png,leaving,bugatti_chiron.glb,30
leaving/bugatti_chiron_yaw_320.png,leaving,bugatti_chiron.glb,320
leaving/bugatti_chiron_yaw_340.png,leaving,bugatti_chiron.glb,340
leaving/caterham_seven_620r_yaw_010.png,leaving,caterham_seven_620r.glb,10
leaving/caterham_seven_620r_yaw_020.png,leaving,caterham_seven_620r.glb,20
leaving/caterham_seven_620r_yaw_030.png,leaving,caterham_seven_620r.glb,30
leaving/caterham_seven_620r_yaw_040.png,leaving,caterham_seven_620r.glb,40
leaving/caterham_seven_620r_yaw_320.png,leaving,caterham_seven_620r.glb,320
leaving/caterham_seven_620r_yaw_330.png,leaving,caterham_seven_620r.glb,330
leaving/caterham_seven_620r_yaw_340.png,leaving,caterham_seven_620r.glb,340
leaving/ferrari_f40_yaw_000.png,leaving,ferrari_f40.glb,0
leaving/ferrari_f40_yaw_010.png,leaving,ferrari_f40.glb,10
leaving/ferrari_f40_yaw_020.png,leaving,ferrari_f40.glb,20
leaving/ferrari_f40_yaw_030.png,leaving,ferrari_f40.glb,30
leaving/ferrari_f40_yaw_040.png,leaving,ferrari_f40.glb,40
leaving/ferrari_f40_yaw_320.png,leaving,ferrari_f40.glb,320
leaving/ferrari_f40_yaw_330.png,leaving,ferrari_f40.glb,330
leaving/ferrari_f40_yaw_340.png,leaving,ferrari_f40.glb,340
leaving/ferrari_f40_yaw_350.png,leaving,ferrari_f40.glb,350
leaving/ford_bronco_raptor_yaw_000.png,leaving,ford_bronco_raptor.glb,0
leaving/ford_bronco_raptor_yaw_010.png,leaving,ford_bronco_raptor.glb,10
leaving/ford_bronco_raptor_yaw_020.png,leaving,ford_bronco_raptor.glb,20
leaving/ford_bronco_raptor_yaw_040.png,leaving,ford_bronco_raptor.glb,40
leaving/ford_bronco_raptor_yaw_330.png,leaving,ford_bronco_raptor.glb,330
leaving/ford_bronco_raptor_yaw_340.png,leaving,ford_bronco_raptor.glb,340
leaving/ford_bronco_raptor_yaw_350.png,leaving,ford_bronco_raptor.glb,350
leaving/hyundai_vision_n_yaw_010.png,leaving,hyundai_vision_n.glb,10
leaving/hyundai_vision_n_yaw_020.png,leaving,hyundai_vision_n.glb,20
leaving/hyundai_vision_n_yaw_030.png,leaving,hyundai_vision_n.glb,30
leaving/hyundai_vision_n_yaw_040.png,leaving,hyundai_vision_n.glb,40
leaving/hyundai_vision_n_yaw_320.png,leaving,hyundai_vision_n.glb,320
leaving/hyundai_vision_n_yaw_330.png,leaving,hyundai_vision_n.glb,330
leaving/hyundai_vision_n_yaw_340.png,leaving,hyundai_vision_n.glb,340
leaving/hyundai_vision_n_yaw_350.png,leaving,hyundai_vision_n.glb,350
leaving/lamborgini_gallardo_yaw_000.png,leaving,lamborgini_gallardo.glb,0
leaving/lamborgini_gallardo_yaw_010.png,leaving,lamborgini_gallardo.glb,10
leaving/lamborgini_gallardo_yaw_020.png,leaving,lamborgini_gallardo.glb,20
leaving/lamborgini_gallardo_yaw_030.png,leaving,lamborgini_gallardo.glb,30
leaving/lamborgini_gallardo_yaw_340.png,leaving,lamborgini_gallardo.glb,340
leaving/lamborgini_gallardo_yaw_350.png,leaving,lamborgini_gallardo.glb,350
leaving/lancia_delta_integrale_evo_yaw_010.png,leaving,lancia_delta_integrale_evo.glb,10
leaving/lancia_delta_integrale_evo_yaw_030.png,leaving,lancia_delta_integrale_evo.glb,30
leaving/lancia_delta_integrale_evo_yaw_040.png,leaving,lancia_delta_integrale_evo.glb,40
leaving/lancia_delta_integrale_evo_yaw_340.png,leaving,lancia_delta_integrale_evo.glb,340
leaving/lancia_delta_integrale_evo_yaw_350.png,leaving,lancia_delta_integrale_evo.glb,350
leaving/mclaren_720s_yaw_000.png,leaving,mclaren_720s.glb,0
leaving/mclaren_720s_yaw_030.png,leaving,mclaren_720s.glb,30
leaving/mclaren_720s_yaw_320.png,leaving,mclaren_720s.glb,320
leaving/mclaren_720s_yaw_330.png,leaving,mclaren_720s.glb,330
leaving/mclaren_720s_yaw_350.png,leaving,mclaren_720s.glb,350
leaving/mercedes_benz_180_ev2_yaw_000.png,leaving,mercedes_benz_180_ev2.glb,0
leaving/mercedes_benz_180_ev2_yaw_010.png,leaving,mercedes_benz_180_ev2.glb,10
leaving/mercedes_benz_180_ev2_yaw_020.png,leaving,mercedes_benz_180_ev2.glb,20
leaving/mercedes_benz_180_ev2_yaw_030.png,leaving,mercedes_benz_180_ev2.glb,30
leaving/mercedes_benz_180_ev2_yaw_040.png,leaving,mercedes_benz_180_ev2.glb,40
leaving/mercedes_benz_180_ev2_yaw_330.png,leaving,mercedes_benz_180_ev2.glb,330
leaving/mercedes_benz_180_ev2_yaw_340.png,leaving,mercedes_benz_180_ev2.glb,340
leaving/mercedes_benz_180_ev2_yaw_350.png,leaving,mercedes_benz_180_ev2.glb,350
leaving/mercedes_benz_eqs_yaw_000.png,leaving,mercedes_benz_eqs.glb,0
leaving/mercedes_benz_eqs_yaw_010.png,leaving,mercedes_benz_eqs.glb,10
leaving/mercedes_benz_eqs_yaw_040.png,leaving,mercedes_benz_eqs.glb,40
leaving/mercedes_benz_eqs_yaw_330.png,leaving,mercedes_benz_eqs.glb,330
leaving/mercedes_benz_eqs_yaw_340.png,leaving,mercedes_benz_eqs.glb,340
leaving/mercedes_benz_eqs_yaw_350.png,leaving,mercedes_benz_eqs.glb,350
leaving/mercedes_maybach_s650_pullman_yaw_000.png,leaving,mercedes_maybach_s650_pullman.glb,0
leaving/mercedes_maybach_s650_pullman_yaw_010.png,leaving,mercedes_maybach_s650_pullman.glb,10
leaving/mercedes_maybach_s650_pullman_yaw_040.png,leaving,mercedes_maybach_s650_pullman.glb,40
leaving/mercedes_maybach_s650_pullman_yaw_320.png,leaving,mercedes_maybach_s650_pullman.glb,320
leaving/mercedes_maybach_s650_pullman_yaw_330.png,leaving,mercedes_maybach_s650_pullman.glb,330
leaving/mercedes_maybach_s650_pullman_yaw_340.png,leaving,mercedes_maybach_s650_pullman.glb,340
leaving/mercedes_maybach_s650_pullman_yaw_350.png,leaving,mercedes_maybach_s650_pullman.glb,350
leaving/mg_t-type_yaw_000.png,leaving,mg_t-type.glb,0
leaving/mg_t-type_yaw_010.png,leaving,mg_t-type.glb,10
leaving/mg_t-type_yaw_020.png,leaving,mg_t-type.glb,20
leaving/mg_t-type_yaw_030.png,leaving,mg_t-type.glb,30
leaving/mg_t-type_yaw_040.png,leaving,mg_t-type.glb,40
leaving/mg_t-type_yaw_320.png,leaving,mg_t-type.glb,320
leaving/mg_t-type_yaw_330.png,leaving,mg_t-type.glb,330
leaving/mg_t-type_yaw_340.png,leaving,mg_t-type.glb,340
leaving/porsche_911_carrera_4_yaw_000.png,leaving,porsche_911_carrera_4.glb,0
leaving/porsche_911_carrera_4_yaw_010.png,leaving,porsche_911_carrera_4.glb,10
leaving/porsche_911_carrera_4_yaw_020.png,leaving,porsche_911_carrera_4.glb,20
leaving/porsche_911_carrera_4_yaw_040.png,leaving,porsche_911_carrera_4.glb,40
leaving/porsche_911_carrera_4_yaw_340.png,leaving,porsche_911_carrera_4.glb,340
leaving/porsche_911_carrera_4_yaw_350.png,leaving,porsche_911_carrera_4.glb,350
leaving/rolls_royce_ghost_2021_yaw_020.png,leaving,rolls_royce_ghost_2021.glb,20
leaving/rolls_royce_ghost_2021_yaw_030.png,leaving,rolls_royce_ghost_2021.glb,30
leaving/rolls_royce_ghost_2021_yaw_040.png,leaving,rolls_royce_ghost_2021.glb,40
leaving/rolls_royce_ghost_2021_yaw_320.png,leaving,rolls_royce_ghost_2021.glb,320
leaving/rolls_royce_ghost_2021_yaw_330.png,leaving,rolls_royce_ghost_2021.glb,330
leaving/rolls_royce_ghost_2021_yaw_340.png,leaving,rolls_royce_ghost_2021.glb,340
leaving/tesla_cybertruck_yaw_000.png,leaving,tesla_cybertruck.glb,0
leaving/tesla_cybertruck_yaw_020.png,leaving,tesla_cybertruck.glb,20
leaving/tesla_cybertruck_yaw_030.png,leaving,tesla_cybertruck.glb,30
leaving/tesla_cybertruck_yaw_340.png,leaving,tesla_cybertruck.glb,340
leaving/tesla_cybertruck_yaw_350.png,leaving,tesla_cybertruck.glb,350
leaving/toyota_land_cruiser_200_yaw_000.png,leaving,toyota_land_cruiser_200.glb,0
leaving/toyota_land_cruiser_200_yaw_010.png,leaving,toyota_land_cruiser_200.glb,10
leaving/toyota_land_cruiser_200_yaw_020.png,leaving,toyota_land_cruiser_200.glb,20
leaving/toyota_land_cruiser_200_yaw_040.png,leaving,toyota_land_cruiser_200.glb,40
leaving/toyota_land_cruiser_200_yaw_320.png,leaving,toyota_land_cruiser_200.glb,320
leaving/toyota_land_cruiser_200_yaw_330.png,leaving,toyota_land_cruiser_200.glb,330
leaving/toyota_land_cruiser_200_yaw_340.png,leaving,toyota_land_cruiser_200.glb,340
leaving/volkswagen_beetle_yaw_030.png,leaving,volkswagen_beetle.glb,30
leaving/volkswagen_beetle_yaw_040.png,leaving,volkswagen_beetle.glb,40
leaving/volkswagen_beetle_yaw_330.png,leaving,volkswagen_beetle.glb,330
leaving/volkswagen_beetle_yaw_340.png,leaving,volkswagen_beetle.glb,340
leaving/volkswagen_beetle_yaw_350.png,leaving,volkswagen_beetle.glb,350
leaving/volvo_s90_yaw_000.png,leaving,volvo_s90.glb,0
leaving/volvo_s90_yaw_010.png,leaving,volvo_s90.glb,10
leaving/volvo_s90_yaw_020.png,leaving,volvo_s90.glb,20
leaving/volvo_s90_yaw_030.png,leaving,volvo_s90.glb,30
leaving/volvo_s90_yaw_320.png,leaving,volvo_s90.glb,320
leaving/volvo_s90_yaw_330.png,leaving,volvo_s90.glb,330
leaving/volvo_s90_yaw_350.png,leaving,volvo_s90.glb,350
moving_left/Volkswagen_kombi_1973_yaw_250.png,moving_left,Volkswagen_kombi_1973.glb,250
moving_left/Volkswagen_kombi_1973_yaw_270.png,moving_left,Volkswagen_kombi_1973.glb,270
moving_left/Volkswagen_kombi_1973_yaw_280.png,moving_left,Volkswagen_kombi_1973.glb,280
moving_left/Volkswagen_kombi_1973_yaw_290.png,moving_left,Volkswagen_kombi_1973.glb,290
moving_left/Volkswagen_kombi_1973_yaw_300.png,moving_left,Volkswagen_kombi_1973.glb,300
moving_left/Volkswagen_kombi_1973_yaw_310.png,moving_left,Volkswagen_kombi_1973.glb,310
moving_left/audi_a7_yaw_240.png,moving_left,audi_a7.glb,240
moving_left/audi_a7_yaw_250.png,moving_left,audi_a7.glb,250
moving_left/audi_a7_yaw_260.png,moving_left,audi_a7.glb,260
moving_left/audi_a7_yaw_270.png,moving_left,audi_a7.glb,270
moving_left/audi_a7_yaw_280.png,moving_left,audi_a7.glb,280
moving_left/audi_a7_yaw_310.png,moving_left,audi_a7.glb,310
moving_left/audi_r8_v10_plus_2016_yaw_240.png,moving_left,audi_r8_v10_plus_2016.glb,240
moving_left/audi_r8_v10_plus_2016_yaw_260.png,moving_left,audi_r8_v10_plus_2016.glb,260
moving_left/audi_r8_v10_plus_2016_yaw_270.png,moving_left,audi_r8_v10_plus_2016.glb,270
moving_left/audi_r8_v10_plus_2016_yaw_280.png,moving_left,audi_r8_v10_plus_2016.glb,280
moving_left/audi_r8_v10_plus_2016_yaw_290.png,moving_left,audi_r8_v10_plus_2016.glb,290
moving_left/audi_r8_v10_plus_2016_yaw_300.png,moving_left,audi_r8_v10_plus_2016.glb,300
moving_left/batmobile_yaw_230.png,moving_left,batmobile.glb,230
moving_left/batmobile_yaw_240.png,moving_left,batmobile.glb,240
moving_left/batmobile_yaw_250.png,moving_left,batmobile.glb,250
moving_left/batmobile_yaw_260.png,moving_left,batmobile.glb,260
moving_left/batmobile_yaw_270.png,moving_left,batmobile.glb,270
moving_left/batmobile_yaw_280.png,moving_left,batmobile.glb,280
moving_left/batmobile_yaw_290.png,moving_left,batmobile.glb,290
moving_left/batmobile_yaw_300.png,moving_left,batmobile.glb,300
moving_left/batmobile_yaw_310.png,moving_left,batmobile.glb,310
moving_left/bmw_7_alpine_yaw_240.png,moving_left,bmw_7_alpine.glb,240
moving_left/bmw_7_alpine_yaw_260.png,moving_left,bmw_7_alpine.glb,260
moving_left/bmw_7_alpine_yaw_270.png,moving_left,bmw_7_alpine.glb,270
moving_left/bmw_7_alpine_yaw_280.png,moving_left,bmw_7_alpine.glb,280
moving_left/bmw_7_alpine_yaw_290.png,moving_left,bmw_7_alpine.glb,290
moving_left/bmw_7_alpine_yaw_300.png,moving_left,bmw_7_alpine.glb,300
moving_left/bmw_7_alpine_yaw_310.png,moving_left,bmw_7_alpine.glb,310
moving_left/bmw_e30_yaw_230.png,moving_left,bmw_e30.glb,230
moving_left/bmw_e30_yaw_240.png,moving_left,bmw_e30.glb,240
moving_left/bmw_e30_yaw_250.png,moving_left,bmw_e30.glb,250
moving_left/bmw_e30_yaw_260.png,moving_left,bmw_e30.glb,260
moving_left/bmw_e30_yaw_280.png,moving_left,bmw_e30.glb,280
moving_left/bmw_e30_yaw_290.png,moving_left,bmw_e30.glb,290
moving_left/bmw_e30_yaw_300.png,moving_left,bmw_e30.glb,300
moving_left/bmw_e30_yaw_310.png,moving_left,bmw_e30.glb,310
moving_left/bmw_m4_competition_yaw_240.png,moving_left,bmw_m4_competition.glb,240
moving_left/bmw_m4_competition_yaw_250.png,moving_left,bmw_m4_competition.glb,250
moving_left/bmw_m4_competition_yaw_300.png,moving_left,bmw_m4_competition.glb,300
moving_left/bmw_m4_competition_yaw_310.png,moving_left,bmw_m4_competition.glb,310
moving_left/bugatti_chiron_yaw_230.png,moving_left,bugatti_chiron.glb,230
moving_left/bugatti_chiron_yaw_240.png,moving_left,bugatti_chiron.glb,240
moving_left/bugatti_chiron_yaw_280.png,moving_left,bugatti_chiron.glb,280
moving_left/bugatti_chiron_yaw_290.png,moving_left,bugatti_chiron.glb,290
moving_left/bugatti_chiron_yaw_300.png,moving_left,bugatti_chiron.glb,300
moving_left/bugatti_chiron_yaw_310.png,moving_left,bugatti_chiron.glb,310
moving_left/caterham_seven_620r_yaw_240.png,moving_left,caterham_seven_620r.glb,240
moving_left/caterham_seven_620r_yaw_290.png,moving_left,caterham_seven_620r.glb,290
moving_left/caterham_seven_620r_yaw_300.png,moving_left,caterham_seven_620r.glb,300
moving_left/ferrari_f40_yaw_230.png,moving_left,ferrari_f40.glb,230
moving_left/ferrari_f40_yaw_240.png,moving_left,ferrari_f40.glb,240
moving_left/ferrari_f40_yaw_250.png,moving_left,ferrari_f40.glb,250
moving_left/ferrari_f40_yaw_260.png,moving_left,ferrari_f40.glb,260
moving_left/ferrari_f40_yaw_270.png,moving_left,ferrari_f40.glb,270
moving_left/ferrari_f40_yaw_280.png,moving_left,ferrari_f40.glb,280
moving_left/ferrari_f40_yaw_300.png,moving_left,ferrari_f40.glb,300
moving_left/ford_bronco_raptor_yaw_230.png,moving_left,ford_bronco_raptor.glb,230
moving_left/ford_bronco_raptor_yaw_240.png,moving_left,ford_bronco_raptor.glb,240
moving_left/ford_bronco_raptor_yaw_250.png,moving_left,ford_bronco_raptor.glb,250
moving_left/ford_bronco_raptor_yaw_280.png,moving_left,ford_bronco_raptor.glb,280
moving_left/ford_bronco_raptor_yaw_290.png,moving_left,ford_bronco_raptor.glb,290
moving_left/hyundai_vision_n_yaw_230.png,moving_left,hyundai_vision_n.glb,230
moving_left/hyundai_vision_n_yaw_240.png,moving_left,hyundai_vision_n.glb,240
moving_left/hyundai_vision_n_yaw_250.png,moving_left,hyundai_vision_n.glb,250
moving_left/hyundai_vision_n_yaw_260.png,moving_left,hyundai_vision_n.glb,260
moving_left/hyundai_vision_n_yaw_270.png,moving_left,hyundai_vision_n.glb,270
moving_left/hyundai_vision_n_yaw_280.png,moving_left,hyundai_vision_n.glb,280
moving_left/hyundai_vision_n_yaw_290.png,moving_left,hyundai_vision_n.glb,290
moving_left/lamborgini_gallardo_yaw_230.png,moving_left,lamborgini_gallardo.glb,230
moving_left/lamborgini_gallardo_yaw_240.png,moving_left,lamborgini_gallardo.glb,240
moving_left/lamborgini_gallardo_yaw_250.png,moving_left,lamborgini_gallardo.glb,250
moving_left/lamborgini_gallardo_yaw_270.png,moving_left,lamborgini_gallardo.glb,270
moving_left/lamborgini_gallardo_yaw_280.png,moving_left,lamborgini_gallardo.glb,280
moving_left/lamborgini_gallardo_yaw_300.png,moving_left,lamborgini_gallardo.glb,300
moving_left/lamborgini_gallardo_yaw_310.png,moving_left,lamborgini_gallardo.glb,310
moving_left/lancia_delta_integrale_evo_yaw_230.png,moving_left,lancia_delta_integrale_evo.glb,230
moving_left/lancia_delta_integrale_evo_yaw_240.png,moving_left,lancia_delta_integrale_evo.glb,240
moving_left/lancia_delta_integrale_evo_yaw_250.png,moving_left,lancia_delta_integrale_evo.glb,250
moving_left/lancia_delta_integrale_evo_yaw_270.png,moving_left,lancia_delta_integrale_evo.glb,270
moving_left/lancia_delta_integrale_evo_yaw_280.png,moving_left,lancia_delta_integrale_evo.glb,280
moving_left/lancia_delta_integrale_evo_yaw_290.png,moving_left,lancia_delta_integrale_evo.glb,290
moving_left/lancia_delta_integrale_evo_yaw_300.png,moving_left,lancia_delta_integrale_evo.glb,300
moving_left/lancia_delta_integrale_evo_yaw_310.png,moving_left,lancia_delta_integrale_evo.glb,310
moving_left/mclaren_720s_yaw_240.png,moving_left,mclaren_720s.glb,240
moving_left/mclaren_720s_yaw_250.png,moving_left,mclaren_720s.glb,250
moving_left/mclaren_720s_yaw_270.png,moving_left,mclaren_720s.glb,270
moving_left/mclaren_720s_yaw_280.png,moving_left,mclaren_720s.glb,280
moving_left/mclaren_720s_yaw_290.png,moving_left,mclaren_720s.glb,290
moving_left/mclaren_720s_yaw_300.png,moving_left,mclaren_720s.glb,300
moving_left/mclaren_720s_yaw_310.png,moving_left,mclaren_720s.glb,310
moving_left/mercedes_benz_180_ev2_yaw_230.png,moving_left,mercedes_benz_180_ev2.glb,230
moving_left/mercedes_benz_180_ev2_yaw_240.png,moving_left,mercedes_benz_180_ev2.glb,240
moving_left/mercedes_benz_180_ev2_yaw_250.png,moving_left,mercedes_benz_180_ev2.glb,250
moving_left/mercedes_benz_180_ev2_yaw_260.png,moving_left,mercedes_benz_180_ev2.glb,260
moving_left/mercedes_benz_180_ev2_yaw_280.png,moving_left,mercedes_benz_180_ev2.glb,280
moving_left/mercedes_benz_180_ev2_yaw_290.png,moving_left,mercedes_benz_180_ev2.glb,290
moving_left/mercedes_benz_180_ev2_yaw_310.png,moving_left,mercedes_benz_180_ev2.glb,310
moving_left/mercedes_benz_eqs_yaw_230.png,moving_left,mercedes_benz_eqs.glb,230
moving_left/mercedes_benz_eqs_yaw_240.png,moving_left,mercedes_benz_eqs.glb,240
moving_left/mercedes_benz_eqs_yaw_260.png,moving_left,mercedes_benz_eqs.glb,260
moving_left/mercedes_benz_eqs_yaw_270.png,moving_left,mercedes_benz_eqs.glb,270
moving_left/mercedes_benz_eqs_yaw_280.png,moving_left,mercedes_benz_eqs.glb,280
moving_left/mercedes_benz_eqs_yaw_290.png,moving_left,mercedes_benz_eqs.glb,290
moving_left/mercedes_benz_eqs_yaw_300.png,moving_left,mercedes_benz_eqs.glb,300
moving_left/mercedes_benz_eqs_yaw_310.png,moving_left,mercedes_benz_eqs.glb,310
moving_left/mercedes_maybach_s650_pullman_yaw_230.png,moving_left,mercedes_maybach_s650_pullman.glb,230
moving_left/mercedes_maybach_s650_pullman_yaw_240.png,moving_left,mercedes_maybach_s650_pullman.glb,240
moving_left/mercedes_maybach_s650_pullman_yaw_250.png,moving_left,mercedes_maybach_s650_pullman.glb,250
moving_left/mercedes_maybach_s650_pullman_yaw_280.png,moving_left,mercedes_maybach_s650_pullman.glb,280
moving_left/mercedes_maybach_s650_pullman_yaw_290.png,moving_left,mercedes_maybach_s650_pullman.glb,290
moving_left/mercedes_maybach_s650_pullman_yaw_300.png,moving_left,mercedes_maybach_s650_pullman.glb,300
moving_left/mg_t-type_yaw_230.png,moving_left,mg_t-type.glb,230
moving_left/mg_t-type_yaw_240.png,moving_left,mg_t-type.glb,240
moving_left/mg_t-type_yaw_260.png,moving_left,mg_t-type.glb,260
moving_left/mg_t-type_yaw_270.png,moving_left,mg_t-type.glb,270
moving_left/mg_t-type_yaw_280.png,moving_left,mg_t-type.glb,280
moving_left/mg_t-type_yaw_290.png,moving_left,mg_t-type.glb,290
moving_left/mg_t-type_yaw_300.png,moving_left,mg_t-type.glb,300
moving_left/mg_t-type_yaw_310.png,moving_left,mg_t-type.glb,310
moving_left/porsche_911_carrera_4_yaw_230.png,moving_left,porsche_911_carrera_4.glb,230
moving_left/porsche_911_carrera_4_yaw_240.png,moving_left,porsche_911_carrera_4.glb,240
moving_left/porsche_911_carrera_4_yaw_260.png,moving_left,porsche_911_carrera_4.glb,260
moving_left/porsche_911_carrera_4_yaw_270.png,moving_left,porsche_911_carrera_4.glb,270
moving_left/porsche_911_carrera_4_yaw_280.png,moving_left,porsche_911_carrera_4.glb,280
moving_left/porsche_911_carrera_4_yaw_300.png,moving_left,porsche_911_carrera_4.glb,300
moving_left/rolls_royce_ghost_2021_yaw_240.png,moving_left,rolls_royce_ghost_2021.glb,240
moving_left/rolls_royce_ghost_2021_yaw_260.png,moving_left,rolls_royce_ghost_2021.glb,260
moving_left/rolls_royce_ghost_2021_yaw_270.png,moving_left,rolls_royce_ghost_2021.glb,270
moving_left/rolls_royce_ghost_2021_yaw_280.png,moving_left,rolls_royce_ghost_2021.glb,280
moving_left/rolls_royce_ghost_2021_yaw_290.png,moving_left,rolls_royce_ghost_2021.glb,290
moving_left/rolls_royce_ghost_2021_yaw_300.png,moving_left,rolls_royce_ghost_2021.glb,300
moving_left/tesla_cybertruck_yaw_230.png,moving_left,tesla_cybertruck.glb,230
moving_left/tesla_cybertruck_yaw_250.png,moving_left,tesla_cybertruck.glb,250
moving_left/tesla_cybertruck_yaw_260.png,moving_left,tesla_cybertruck.glb,260
moving_left/tesla_cybertruck_yaw_290.png,moving_left,tesla_cybertruck.glb,290
moving_left/toyota_land_cruiser_200_yaw_230.png,moving_left,toyota_land_cruiser_200.glb,230
moving_left/toyota_land_cruiser_200_yaw_240.png,moving_left,toyota_land_cruiser_200.glb,240
moving_left/toyota_land_cruiser_200_yaw_250.png,moving_left,toyota_land_cruiser_200.glb,250
moving_left/toyota_land_cruiser_200_yaw_290.png,moving_left,toyota_land_cruiser_200.glb,290
moving_left/toyota_land_cruiser_200_yaw_300.png,moving_left,toyota_land_cruiser_200.glb,300
moving_left/toyota_land_cruiser_200_yaw_310.png,moving_left,toyota_land_cruiser_200.glb,310
moving_left/volkswagen_beetle_yaw_230.png,moving_left,volkswagen_beetle.glb,230
moving_left/volkswagen_beetle_yaw_240.png,moving_left,volkswagen_beetle.glb,240
moving_left/volkswagen_beetle_yaw_270.png,moving_left,volkswagen_beetle.glb,270
moving_left/volkswagen_beetle_yaw_280.png,moving_left,volkswagen_beetle.glb,280
moving_left/volkswagen_beetle_yaw_290.png,moving_left,volkswagen_beetle.glb,290
moving_left/volvo_s90_yaw_230.png,moving_left,volvo_s90.glb,230
moving_left/volvo_s90_yaw_240.png,moving_left,volvo_s90.glb,240
moving_left/volvo_s90_yaw_250.png,moving_left,volvo_s90.glb,250
moving_left/volvo_s90_yaw_260.png,moving_left,volvo_s90.glb,260
moving_left/volvo_s90_yaw_270.png,moving_left,volvo_s90.glb,270
moving_right/Volkswagen_kombi_1973_yaw_050.png,moving_right,Volkswagen_kombi_1973.glb,50
moving_right/Volkswagen_kombi_1973_yaw_070.png,moving_right,Volkswagen_kombi_1973.glb,70
moving_right/Volkswagen_kombi_1973_yaw_120.png,moving_right,Volkswagen_kombi_1973.glb,120
moving_right/Volkswagen_kombi_1973_yaw_130.png,moving_right,Volkswagen_kombi_1973.glb,130
moving_right/audi_a7_yaw_050.png,moving_right,audi_a7.glb,50
moving_right/audi_a7_yaw_060.png,moving_right,audi_a7.glb,60
moving_right/audi_a7_yaw_070.png,moving_right,audi_a7.glb,70
moving_right/audi_a7_yaw_080.png,moving_right,audi_a7.glb,80
moving_right/audi_a7_yaw_130.png,moving_right,audi_a7.glb,130
moving_right/audi_r8_v10_plus_2016_yaw_050.png,moving_right,audi_r8_v10_plus_2016.glb,50
moving_right/audi_r8_v10_plus_2016_yaw_070.png,moving_right,audi_r8_v10_plus_2016.glb,70
moving_right/audi_r8_v10_plus_2016_yaw_100.png,moving_right,audi_r8_v10_plus_2016.glb,100
moving_right/audi_r8_v10_plus_2016_yaw_110.png,moving_right,audi_r8_v10_plus_2016.glb,110
moving_right/audi_r8_v10_plus_2016_yaw_120.png,moving_right,audi_r8_v10_plus_2016.glb,120
moving_right/batmobile_yaw_050.png,moving_right,batmobile.glb,50
moving_right/batmobile_yaw_060.png,moving_right,batmobile.glb,60
moving_right/batmobile_yaw_090.png,moving_right,batmobile.glb,90
moving_right/batmobile_yaw_100.png,moving_right,batmobile.glb,100
moving_right/batmobile_yaw_110.png,moving_right,batmobile.glb,110
moving_right/batmobile_yaw_120.png,moving_right,batmobile.glb,120
moving_right/batmobile_yaw_130.png,moving_right,batmobile.glb,130
moving_right/bmw_7_alpine_yaw_050.png,moving_right,bmw_7_alpine.glb,50
moving_right/bmw_7_alpine_yaw_060.png,moving_right,bmw_7_alpine.glb,60
moving_right/bmw_7_alpine_yaw_080.png,moving_right,bmw_7_alpine.glb,80
moving_right/bmw_7_alpine_yaw_090.png,moving_right,bmw_7_alpine.glb,90
moving_right/bmw_7_alpine_yaw_110.png,moving_right,bmw_7_alpine.glb,110
moving_right/bmw_7_alpine_yaw_130.png,moving_right,bmw_7_alpine.glb,130
moving_right/bmw_e30_yaw_050.png,moving_right,bmw_e30.glb,50
moving_right/bmw_e30_yaw_060.png,moving_right,bmw_e30.glb,60
moving_right/bmw_e30_yaw_070.png,moving_right,bmw_e30.glb,70
moving_right/bmw_e30_yaw_090.png,moving_right,bmw_e30.glb,90
moving_right/bmw_e30_yaw_100.png,moving_right,bmw_e30.glb,100
moving_right/bmw_e30_yaw_120.png,moving_right,bmw_e30.glb,120
moving_right/bmw_e30_yaw_130.png,moving_right,bmw_e30.glb,130
moving_right/bmw_m4_competition_yaw_050.png,moving_right,bmw_m4_competition.glb,50
moving_right/bmw_m4_competition_yaw_070.png,moving_right,bmw_m4_competition.glb,70
moving_right/bmw_m4_competition_yaw_080.png,moving_right,bmw_m4_competition.glb,80
moving_right/bmw_m4_competition_yaw_090.png,moving_right,bmw_m4_competition.glb,90
moving_right/bmw_m4_competition_yaw_100.png,moving_right,bmw_m4_competition.glb,100
moving_right/bmw_m4_competition_yaw_120.png,moving_right,bmw_m4_competition.glb,120
moving_right/bmw_m4_competition_yaw_130.png,moving_right,bmw_m4_competition.glb,130
moving_right/bugatti_chiron_yaw_070.png,moving_right,bugatti_chiron.glb,70
moving_right/bugatti_chiron_yaw_090.png,moving_right,bugatti_chiron.glb,90
moving_right/bugatti_chiron_yaw_100.png,moving_right,bugatti_chiron.glb,100
moving_right/bugatti_chiron_yaw_110.png,moving_right,bugatti_chiron.glb,110
moving_right/bugatti_chiron_yaw_130.png,moving_right,bugatti_chiron.glb,130
moving_right/caterham_seven_620r_yaw_090.png,moving_right,caterham_seven_620r.glb,90
moving_right/caterham_seven_620r_yaw_100.png,moving_right,caterham_seven_620r.glb,100
moving_right/caterham_seven_620r_yaw_120.png,moving_right,caterham_seven_620r.glb,120
moving_right/ferrari_f40_yaw_050.png,moving_right,ferrari_f40.glb,50
moving_right/ferrari_f40_yaw_060.png,moving_right,ferrari_f40.glb,60
moving_right/ferrari_f40_yaw_070.png,moving_right,ferrari_f40.glb,70
moving_right/ferrari_f40_yaw_080.png,moving_right,ferrari_f40.glb,80
moving_right/ferrari_f40_yaw_090.png,moving_right,ferrari_f40.glb,90
moving_right/ferrari_f40_yaw_100.png,moving_right,ferrari_f40.glb,100
moving_right/ferrari_f40_yaw_110.png,moving_right,ferrari_f40.glb,110
moving_right/ferrari_f40_yaw_120.png,moving_right,ferrari_f40.glb,120
moving_right/ferrari_f40_yaw_130.png,moving_right,ferrari_f40.glb,130
moving_right/ford_bronco_raptor_yaw_050.png,moving_right,ford_bronco_raptor.glb,50
moving_right/ford_bronco_raptor_yaw_060.png,moving_right,ford_bronco_raptor.glb,60
moving_right/ford_bronco_raptor_yaw_080.png,moving_right,ford_bronco_raptor.glb,80
moving_right/ford_bronco_raptor_yaw_090.png,moving_right,ford_bronco_raptor.glb,90
moving_right/ford_bronco_raptor_yaw_110.png,moving_right,ford_bronco_raptor.glb,110
moving_right/ford_bronco_raptor_yaw_120.png,moving_right,ford_bronco_raptor.glb,120
moving_right/hyundai_vision_n_yaw_050.png,moving_right,hyundai_vision_n.glb,50
moving_right/hyundai_vision_n_yaw_060.png,moving_right,hyundai_vision_n.glb,60
moving_right/hyundai_vision_n_yaw_070.png,moving_right,hyundai_vision_n.glb,70
moving_right/hyundai_vision_n_yaw_080.png,moving_right,hyundai_vision_n.glb,80
moving_right/hyundai_vision_n_yaw_100.png,moving_right,hyundai_vision_n.glb,100
moving_right/hyundai_vision_n_yaw_110.png,moving_right,hyundai_vision_n.glb,110
moving_right/hyundai_vision_n_yaw_130.png,moving_right,hyundai_vision_n.glb,130
moving_right/lamborgini_gallardo_yaw_070.png,moving_right,lamborgini_gallardo.glb,70
moving_right/lamborgini_gallardo_yaw_080.png,moving_right,lamborgini_gallardo.glb,80
moving_right/lamborgini_gallardo_yaw_100.png,moving_right,lamborgini_gallardo.glb,100
moving_right/lamborgini_gallardo_yaw_110.png,moving_right,lamborgini_gallardo.glb,110
moving_right/lamborgini_gallardo_yaw_120.png,moving_right,lamborgini_gallardo.glb,120
moving_right/lancia_delta_integrale_evo_yaw_050.png,moving_right,lancia_delta_integrale_evo.glb,50
moving_right/lancia_delta_integrale_evo_yaw_070.png,moving_right,lancia_delta_integrale_evo.glb,70
moving_right/lancia_delta_integrale_evo_yaw_090.png,moving_right,lancia_delta_integrale_evo.glb,90
moving_right/lancia_delta_integrale_evo_yaw_100.png,moving_right,lancia_delta_integrale_evo.glb,100
moving_right/lancia_delta_integrale_evo_yaw_110.png,moving_right,lancia_delta_integrale_evo.glb,110
moving_right/lancia_delta_integrale_evo_yaw_120.png,moving_right,lancia_delta_integrale_evo.glb,120
moving_right/mclaren_720s_yaw_050.png,moving_right,mclaren_720s.glb,50
moving_right/mclaren_720s_yaw_100.png,moving_right,mclaren_720s.glb,100
moving_right/mclaren_720s_yaw_110.png,moving_right,mclaren_720s.glb,110
moving_right/mclaren_720s_yaw_130.png,moving_right,mclaren_720s.glb,130
moving_right/mercedes_benz_180_ev2_yaw_050.png,moving_right,mercedes_benz_180_ev2.glb,50
moving_right/mercedes_benz_180_ev2_yaw_060.png,moving_right,mercedes_benz_180_ev2.glb,60
moving_right/mercedes_benz_180_ev2_yaw_070.png,moving_right,mercedes_benz_180_ev2.glb,70
moving_right/mercedes_benz_180_ev2_yaw_080.png,moving_right,mercedes_benz_180_ev2.glb,80
moving_right/mercedes_benz_180_ev2_yaw_090.png,moving_right,mercedes_benz_180_ev2.glb,90
moving_right/mercedes_benz_180_ev2_yaw_100.png,moving_right,mercedes_benz_180_ev2.glb,100
moving_right/mercedes_benz_180_ev2_yaw_110.png,moving_right,mercedes_benz_180_ev2.glb,110
moving_right/mercedes_benz_180_ev2_yaw_120.png,moving_right,mercedes_benz_180_ev2.glb,120
moving_right/mercedes_benz_180_ev2_yaw_130.png,moving_right,mercedes_benz_180_ev2.glb,130
moving_right/mercedes_benz_eqs_yaw_050.png,moving_right,mercedes_benz_eqs.glb,50
moving_right/mercedes_benz_eqs_yaw_070.png,moving_right,mercedes_benz_eqs.glb,70
moving_right/mercedes_benz_eqs_yaw_090.png,moving_right,mercedes_benz_eqs.glb,90
moving_right/mercedes_benz_eqs_yaw_100.png,moving_right,mercedes_benz_eqs.glb,100
moving_right/mercedes_benz_eqs_yaw_110.png,moving_right,mercedes_benz_eqs.glb,110
moving_right/mercedes_benz_eqs_yaw_120.png,moving_right,mercedes_benz_eqs.glb,120
moving_right/mercedes_benz_eqs_yaw_130.png,moving_right,mercedes_benz_eqs.glb,130
moving_right/mercedes_maybach_s650_pullman_yaw_060.png,moving_right,mercedes_maybach_s650_pullman.glb,60
moving_right/mercedes_maybach_s650_pullman_yaw_070.png,moving_right,mercedes_maybach_s650_pullman.glb,70
moving_right/mercedes_maybach_s650_pullman_yaw_080.png,moving_right,mercedes_maybach_s650_pullman.glb,80
moving_right/mercedes_maybach_s650_pullman_yaw_090.png,moving_right,mercedes_maybach_s650_pullman.glb,90
moving_right/mercedes_maybach_s650_pullman_yaw_100.png,moving_right,mercedes_maybach_s650_pullman.glb,100
moving_right/mercedes_maybach_s650_pullman_yaw_110.png,moving_right,mercedes_maybach_s650_pullman.glb,110
moving_right/mercedes_maybach_s650_pullman_yaw_130.png,moving_right,mercedes_maybach_s650_pullman.glb,130
moving_right/mg_t-type_yaw_050.png,moving_right,mg_t-type.glb,50
moving_right/mg_t-type_yaw_060.png,moving_right,mg_t-type.glb,60
moving_right/mg_t-type_yaw_080.png,moving_right,mg_t-type.glb,80
moving_right/mg_t-type_yaw_090.png,moving_right,mg_t-type.glb,90
moving_right/mg_t-type_yaw_100.png,moving_right,mg_t-type.glb,100
moving_right/mg_t-type_yaw_120.png,moving_right,mg_t-type.glb,120
moving_right/mg_t-type_yaw_130.png,moving_right,mg_t-type.glb,130
moving_right/porsche_911_carrera_4_yaw_050.png,moving_right,porsche_911_carrera_4.glb,50
moving_right/porsche_911_carrera_4_yaw_060.png,moving_right,porsche_911_carrera_4.glb,60
moving_right/porsche_911_carrera_4_yaw_080.png,moving_right,porsche_911_carrera_4.glb,80
moving_right/porsche_911_carrera_4_yaw_100.png,moving_right,porsche_911_carrera_4.glb,100
moving_right/porsche_911_carrera_4_yaw_110.png,moving_right,porsche_911_carrera_4.glb,110
moving_right/porsche_911_carrera_4_yaw_130.png,moving_right,porsche_911_carrera_4.glb,130
moving_right/rolls_royce_ghost_2021_yaw_060.png,moving_right,rolls_royce_ghost_2021.glb,60
moving_right/rolls_royce_ghost_2021_yaw_080.png,moving_right,rolls_royce_ghost_2021.glb,80
moving_right/rolls_royce_ghost_2021_yaw_090.png,moving_right,rolls_royce_ghost_2021.glb,90
moving_right/rolls_royce_ghost_2021_yaw_100.png,moving_right,rolls_royce_ghost_2021.glb,100
moving_right/rolls_royce_ghost_2021_yaw_120.png,moving_right,rolls_royce_ghost_2021.glb,120
moving_right/rolls_royce_ghost_2021_yaw_130.png,moving_right,rolls_royce_ghost_2021.glb,130
moving_right/tesla_cybertruck_yaw_050.png,moving_right,tesla_cybertruck.glb,50
moving_right/tesla_cybertruck_yaw_060.png,moving_right,tesla_cybertruck.glb,60
moving_right/tesla_cybertruck_yaw_070.png,moving_right,tesla_cybertruck.glb,70
moving_right/tesla_cybertruck_yaw_080.png,moving_right,tesla_cybertruck.glb,80
moving_right/tesla_cybertruck_yaw_090.png,moving_right,tesla_cybertruck.glb,90
moving_right/tesla_cybertruck_yaw_110.png,moving_right,tesla_cybertruck.glb,110
moving_right/tesla_cybertruck_yaw_120.png,moving_right,tesla_cybertruck.glb,120
moving_right/tesla_cybertruck_yaw_130.png,moving_right,tesla_cybertruck.glb,130
moving_right/toyota_land_cruiser_200_yaw_050.png,moving_right,toyota_land_cruiser_200.glb,50
moving_right/toyota_land_cruiser_200_yaw_060.png,moving_right,toyota_land_cruiser_200.glb,60
moving_right/toyota_land_cruiser_200_yaw_070.png,moving_right,toyota_land_cruiser_200.glb,70
moving_right/toyota_land_cruiser_200_yaw_080.png,moving_right,toyota_land_cruiser_200.glb,80
moving_right/toyota_land_cruiser_200_yaw_110.png,moving_right,toyota_land_cruiser_200.glb,110
moving_right/toyota_land_cruiser_200_yaw_120.png,moving_right,toyota_land_cruiser_200.glb,120
moving_right/toyota_land_cruiser_200_yaw_130.png,moving_right,toyota_land_cruiser_200.glb,130
moving_right/volkswagen_beetle_yaw_050.png,moving_right,volkswagen_beetle.glb,50
moving_right/volkswagen_beetle_yaw_060.png,moving_right,volkswagen_beetle.glb,60
moving_right/volkswagen_beetle_yaw_070.png,moving_right,volkswagen_beetle.glb,70
moving_right/volkswagen_beetle_yaw_080.png,moving_right,volkswagen_beetle.glb,80
moving_right/volkswagen_beetle_yaw_090.png,moving_right,volkswagen_beetle.glb,90
moving_right/volkswagen_beetle_yaw_100.png,moving_right,volkswagen_beetle.glb,100
moving_right/volkswagen_beetle_yaw_130.png,moving_right,volkswagen_beetle.glb,130
moving_right/volvo_s90_yaw_050.png,moving_right,volvo_s90.glb,50
moving_right/volvo_s90_yaw_060.png,moving_right,volvo_s90.glb,60
moving_right/volvo_s90_yaw_070.png,moving_right,volvo_s90.glb,70
moving_right/volvo_s90_yaw_090.png,moving_right,volvo_s90.glb,90
moving_right/volvo_s90_yaw_110.png,moving_right,volvo_s90.glb,110
moving_right/volvo_s90_yaw_120.png,moving_right,volvo_s90.glb,120
moving_right/volvo_s90_yaw_130.png,moving_right,volvo_s90.glb,130
